cluster number,Population,Drought,WSDI,Flood Occurrence,Flood Fatalities,Flood Severity,Earthquake Severity,TotlowBmi,Totclust
1,13414.6552734375,1,54.0,0.0,0.0,0,0,5,22
2,4340.94775390625,1,47.33333333333334,0.0,0.0,0,0,7,21
3,1639.978759765625,7,53.5,0.0,0.0,0,0,0,15
4,23124.3359375,2,41.5,0.0,0.0,0,0,11,33
5,74887.8125,1,44.83333333333334,0.0,0.0,0,0,1,21
6,16724.5078125,5,43.5,0.0,0.0,0,0,16,49
7,10001.2265625,2,41.16666666666666,0.06666666666666667,0.2666666666666667,1,0,4,20
8,98354.1015625,5,45.83333333333333,0.0,0.0,0,0,1,15
9,44923.19140625,5,51.66666666666667,0.0,0.0,0,0,0,12
10,23282.33984375,2,38.33333333333333,0.0,0.0,0,0,3,29
11,444332.6875,5,45.83333333333333,0.0,0.0,0,0,4,25
12,111256.2109375,5,43.16666666666667,0.0,0.0,0,0,1,12
13,679.0595703125,5,50.33333333333333,0.0,0.0,0,0,7,42
14,81145.328125,5,50.83333333333334,0.0,0.0,0,0,0,11
16,56171.1171875,1,51.33333333333333,0.03125,0.0,1,0,2,26
17,19328.015625,5,49.5,0.0,0.0,0,0,5,22
18,119375.34375,5,45.83333333333333,0.0,0.0,0,0,3,17
20,1528.703857421875,5,43.66666666666667,0.0,0.0,0,0,11,35
21,4179.76318359375,2,44.66666666666666,0.0,0.0,0,0,6,26
22,51828.98828125,1,51.16666666666666,0.03125,0.0,1,0,0,20
23,28416.587890625,2,45.0,0.0,0.0,0,0,2,23
24,20252.537109375,5,42.83333333333333,0.0,0.0,0,0,0,14
25,6336.19140625,4,42.0,0.0,0.0,0,0,2,22
27,8212.841796875,7,40.66666666666667,0.0,0.0,0,0,2,27
28,199445.25,1,50.5,0.03125,0.0,1,0,0,18
31,28345.638671875,2,41.16666666666666,0.0,0.0,0,0,4,29
32,19749.0078125,1,50.5,0.03125,0.0,1,0,0,16
33,14871.888671875,2,39.83333333333334,0.0,0.0,0,0,8,24
34,23591.390625,2,45.33333333333333,0.0,0.0,0,0,3,44
35,14661.9384765625,2,51.16666666666666,0.0,0.0,0,0,0,21
36,49379.32421875,5,43.16666666666667,0.0,0.0,0,0,0,14
37,22502.5703125,2,41.66666666666667,0.0,0.0,0,0,0,26
38,9006.560546875,2,38.33333333333334,0.0,0.0,0,0,11,23
39,9004.775390625,2,39.16666666666666,0.06666666666666667,0.2666666666666667,1,0,2,25
40,9776.1611328125,5,49.33333333333334,0.0,0.0,0,0,0,17
41,13641.5205078125,2,40.16666666666666,0.0,0.0,0,0,4,26
42,16443.76953125,5,50.5,0.0,0.0,0,0,6,41
44,7977.27734375,4,41.83333333333334,0.0,0.0,0,0,0,13
45,865.7639770507812,5,51.66666666666667,0.0,0.0,0,0,2,19
46,60217.8125,5,44.66666666666667,0.0,0.0,0,0,1,16
47,60723.95703125,5,53.5,0.0,0.0,0,0,3,14
48,6790.36865234375,2,42.5,0.06666666666666667,0.2666666666666667,1,0,0,21
50,20039.134765625,1,43.5,0.0,0.0,0,0,4,40
51,3888.4541015625,5,50.5,0.0,0.0,0,0,8,27
52,69786.0,1,50.5,0.0,0.0,0,0,0,14
53,27340.3125,5,48.83333333333334,0.0,0.0,0,0,4,19
54,104021.34375,5,43.16666666666667,0.0,0.0,0,0,2,29
55,21884.71875,2,44.66666666666666,0.0,0.0,0,0,8,27
56,46900.8046875,5,52.66666666666667,0.0,0.0,0,0,2,23
57,26933.841796875,5,43.66666666666667,0.0,0.0,0,0,2,14
59,878.6361083984375,1,47.16666666666667,0.0,0.0,0,0,0,15
60,7784.1005859375,1,46.0,0.0,0.0,0,0,8,34
61,10273.775390625,1,49.33333333333333,0.0,0.0,0,0,4,23
62,120581.15625,5,43.16666666666667,0.0,0.0,0,0,3,17
63,107886.71875,5,43.16666666666667,0.0,0.0,0,0,0,15
64,122277.8359375,5,45.83333333333333,0.0,0.0,0,0,2,15
65,74807.328125,1,43.83333333333334,0.0,0.0,0,0,0,23
66,691.5134887695312,5,45.0,0.0,0.0,0,0,0,15
67,58592.61328125,5,48.0,0.0,0.0,0,0,2,31
68,5594.30859375,5,48.83333333333334,0.0,0.0,0,0,0,20
69,14078.7431640625,2,40.5,0.04545454545454546,0.6363636363636364,1,0,0,12
70,10704.4453125,1,45.33333333333334,0.0,0.0,0,0,2,22
71,24607.1171875,5,44.5,0.0,0.0,0,0,2,14
72,28338.435546875,5,49.16666666666667,0.0,0.0,0,0,5,27
73,13257.1865234375,4,44.83333333333334,0.0,0.0,0,0,5,31
74,38202.09765625,1,45.5,0.0,0.0,0,0,2,24
75,34588.89453125,2,43.33333333333333,0.0,0.0,0,0,0,12
76,14575.3427734375,1,44.83333333333334,0.0,0.0,0,0,2,21
77,8598.046875,2,42.5,0.06666666666666667,0.2666666666666667,1,0,4,28
79,19530.8046875,2,44.16666666666666,0.0,0.0,0,0,1,24
80,22810.060546875,5,44.5,0.0,0.0,0,0,4,31
81,27754.181640625,2,45.66666666666666,0.0,0.0,0,0,0,6
82,25380.146484375,1,47.66666666666666,0.0,0.0,0,0,4,30
83,3864.72900390625,2,40.83333333333333,0.0,0.0,0,0,8,25
84,15206.74609375,1,47.5,0.0,0.0,0,0,3,28
85,49310.5859375,2,40.16666666666666,0.0,0.0,0,0,7,18
86,16923.30078125,2,40.5,0.0,0.0,0,0,4,24
87,52117.9609375,1,50.5,0.0,0.0,0,0,0,15
88,198.1710205078125,5,43.16666666666667,0.0,0.0,0,0,0,23
89,39462.171875,2,45.66666666666666,0.0,0.0,0,0,0,11
90,21937.96875,2,45.33333333333334,0.0,0.0,0,0,0,7
91,7814.56298828125,4,40.0,0.0,0.0,0,0,10,18
92,12560.1220703125,1,46.33333333333333,0.0,0.0,0,0,5,36
94,10781.9560546875,7,41.66666666666667,0.0,0.0,0,0,0,17
95,25357.728515625,2,42.16666666666666,0.0,0.0,0,0,5,34
96,11588.5673828125,2,37.16666666666666,0.0,0.0,0,0,2,28
97,13595.939453125,2,39.5,0.0,0.0,0,0,0,15
98,49682.30859375,5,44.0,0.0,0.0,0,0,6,39
99,881.2291259765625,2,45.16666666666666,0.0,0.0,0,0,2,27
100,64607.8125,1,51.33333333333333,0.03125,0.0,1,0,0,27
101,11831.2412109375,1,45.66666666666666,0.0,0.0,0,0,8,34
102,317.5848999023437,5,53.33333333333334,0.0,0.0,0,0,1,28
103,550.5037841796875,2,39.83333333333334,0.0,0.0,0,0,5,29
104,23988.046875,7,45.5,0.0,0.0,0,0,4,10
105,37550.375,1,47.66666666666667,0.0,0.0,0,0,7,34
106,38750.5625,5,44.66666666666667,0.0,0.0,0,0,3,18
107,25040.30859375,2,44.0,0.0,0.0,0,0,0,29
109,18280.4765625,2,41.16666666666666,0.0,0.0,0,0,0,16
110,28880.638671875,5,51.0,0.0,0.0,0,0,2,37
111,16487.56640625,5,52.83333333333333,0.0,0.0,0,0,6,26
112,30663.28515625,5,45.66666666666666,0.0,0.0,0,0,0,19
113,76920.453125,5,44.66666666666667,0.0,0.0,0,0,0,23
114,25954.57421875,7,42.0,0.0,0.0,0,0,2,20
115,7181.658203125,1,51.66666666666666,0.0,0.0,0,0,0,24
116,8895.8447265625,1,51.16666666666666,0.0,0.0,0,0,2,34
117,1157368.25,5,43.16666666666667,0.0,0.0,0,0,5,17
118,721725.5,5,44.16666666666667,0.0,0.0,0,0,0,20
119,58338.33984375,1,50.66666666666666,0.0,0.0,0,0,1,17
120,33128.953125,2,39.83333333333334,0.0,0.0,0,0,0,34
121,6426.544921875,5,44.33333333333334,0.0,0.0,0,0,4,23
122,12212.89453125,1,49.83333333333333,0.0,0.0,0,0,8,35
123,557.3477172851562,1,50.5,0.03125,0.0,1,0,1,10
124,50343.15625,5,43.5,0.0,0.0,0,0,2,19
125,10527.509765625,5,51.0,0.0,0.0,0,0,10,27
126,13992.517578125,1,51.16666666666666,0.0,0.0,0,0,5,37
127,6655.54443359375,7,46.0,0.0,0.0,0,0,5,21
129,10701.328125,2,40.0,0.0,0.0,0,0,0,24
130,25462.8203125,5,44.83333333333333,0.0,0.0,0,0,10,22
131,88601.171875,1,51.33333333333333,0.03125,0.0,1,0,2,20
132,22592.87109375,5,42.66666666666667,0.0,0.0,0,0,0,33
133,51478.5859375,2,41.0,0.0,0.0,0,0,0,13
134,8552.8447265625,7,42.16666666666667,0.0,0.0,0,0,3,36
135,35962.96875,2,42.16666666666666,0.06666666666666667,0.2666666666666667,1,0,3,16
136,112542.40625,5,44.83333333333334,0.0,0.0,0,0,3,22
137,9650.72265625,1,51.66666666666666,0.0,0.0,0,0,3,20
138,4756.638671875,2,42.5,0.06666666666666667,0.2666666666666667,1,0,9,25
139,75974.46875,5,51.66666666666666,0.0,0.0,0,0,3,21
140,20126.556640625,7,39.33333333333334,0.0,0.0,0,0,0,22
141,23246.91015625,5,51.33333333333333,0.0,0.0,0,0,2,19
142,27522.83203125,2,43.83333333333333,0.0,0.0,0,0,1,30
143,45400.546875,1,51.16666666666666,0.03125,0.0,1,0,0,17
144,120018.625,5,43.16666666666667,0.0,0.0,0,0,7,26
145,33076.9609375,2,41.83333333333333,0.04545454545454546,0.6363636363636364,1,0,2,21
146,21882.392578125,2,43.66666666666666,0.0,0.0,0,0,4,21
147,21648.1171875,5,51.16666666666667,0.0,0.0,0,0,7,19
148,7811.369140625,1,45.16666666666667,0.0,0.0,0,0,4,31
149,10591.1396484375,5,51.5,0.0,0.0,0,0,2,27
150,8567.5546875,5,53.5,0.0,0.0,0,0,0,26
151,13088.591796875,2,53.83333333333333,0.0,0.0,0,0,1,24
152,44065.11328125,5,51.66666666666667,0.0,0.0,0,0,3,17
153,21105.046875,5,49.83333333333334,0.0,0.0,0,0,2,35
154,31070.298828125,2,41.83333333333334,0.0,0.0,0,0,0,17
155,9347.0517578125,1,48.83333333333333,0.0,0.0,0,0,2,22
156,11039.07421875,7,38.66666666666666,0.0,0.0,0,0,3,20
157,8074.5576171875,1,43.83333333333334,0.0,0.0,0,0,1,24
158,19353.82421875,2,39.66666666666666,0.04545454545454546,0.6363636363636364,1,0,6,14
159,22862.3828125,2,40.66666666666666,0.04545454545454546,0.6363636363636364,1,0,6,22
160,11157.060546875,5,50.16666666666667,0.0,0.0,0,0,13,38
161,18299.54296875,7,41.66666666666667,0.0,0.0,0,0,11,38
162,12420.59375,1,51.83333333333334,0.03125,0.0,1,0,2,26
163,20144.45703125,1,43.5,0.0,0.0,0,0,0,20
164,10871.31640625,1,52.5,0.0,0.0,0,0,8,26
165,10000.623046875,2,45.33333333333334,0.0,0.0,0,0,3,25
166,56194.25,5,52.5,0.0,0.0,0,0,4,26
167,14239.3935546875,1,50.0,0.0,0.0,0,0,5,35
168,10875.712890625,2,40.5,0.06666666666666667,0.2666666666666667,1,0,2,16
169,6218.6171875,5,47.66666666666667,0.0,0.0,0,0,2,27
170,2763.2412109375,5,49.0,0.0,0.0,0,0,1,26
171,25172.9140625,2,43.33333333333333,0.0,0.0,0,0,8,32
172,17759.6953125,1,48.66666666666667,0.0,0.0,0,0,1,21
173,31701.291015625,2,44.83333333333333,0.0,0.0,0,0,0,16
174,65152.51171875,1,51.33333333333333,0.03125,0.0,1,0,1,32
175,13880.7109375,1,47.83333333333333,0.0,0.0,0,0,4,23
176,4668.75537109375,2,40.5,0.04545454545454546,0.6363636363636364,1,0,4,19
178,25965.9375,5,51.0,0.0,0.0,0,0,7,23
179,29013.3125,5,48.0,0.0,0.0,0,0,7,23
180,23058.640625,5,48.16666666666666,0.0,0.0,0,0,1,29
181,6208.95263671875,5,53.33333333333334,0.0,0.0,0,0,5,13
182,34588.51171875,2,43.33333333333333,0.0,0.0,0,0,1,17
183,35692.140625,1,43.66666666666667,0.0,0.0,0,0,4,19
185,65042.8828125,5,48.83333333333334,0.0,0.0,0,0,2,10
186,6853.220703125,7,40.0,0.0,0.0,0,0,0,17
187,13338.1484375,1,46.0,0.0,0.0,0,0,3,31
188,19635.87109375,1,47.83333333333334,0.0,0.0,0,0,8,29
190,15798.7705078125,1,52.83333333333333,0.0,0.0,0,0,6,25
191,22315.453125,1,46.0,0.0,0.0,0,0,1,18
192,8870.705078125,2,40.5,0.0,0.0,0,0,3,21
193,24283.91796875,5,52.66666666666667,0.0,0.0,0,0,4,32
194,23221.12890625,1,45.5,0.0,0.0,0,0,3,26
195,21223.9609375,1,54.5,0.0,0.0,0,0,0,14
196,12851.349609375,1,40.66666666666667,0.0,0.0,0,0,0,20
197,9552.4697265625,5,50.33333333333334,0.0,0.0,0,0,2,20
198,20161.021484375,2,42.33333333333334,0.0,0.0,0,0,1,15
199,12806.712890625,5,51.83333333333334,0.0,0.0,0,0,0,23
200,13730.9140625,1,46.5,0.0,0.0,0,0,0,15
201,34485.6875,5,49.33333333333334,0.0,0.0,0,0,8,24
202,3972.62890625,2,38.5,0.0,0.0,0,0,2,26
203,6545.5966796875,5,53.33333333333334,0.0,0.0,0,0,6,24
204,25634.9375,2,41.83333333333333,0.0,0.0,0,0,4,25
205,38167.43359375,2,42.66666666666666,0.0,0.0,0,0,5,33
206,14345.994140625,1,50.66666666666667,0.03125,0.0,1,0,9,25
207,8188.82470703125,5,48.66666666666667,0.0,0.0,0,0,0,43
208,13717.56640625,1,42.0,0.0,0.0,0,0,4,27
209,22038.2890625,5,52.66666666666667,0.0,0.0,0,0,1,18
210,24987.646484375,5,45.16666666666667,0.0,0.0,0,0,1,17
211,11335.90625,1,46.0,0.0,0.0,0,0,6,36
212,16467.6640625,5,48.33333333333333,0.0,0.0,0,0,12,24
213,18674.75,7,42.16666666666667,0.0,0.0,0,0,0,18
214,120581.1484375,5,44.83333333333334,0.0,0.0,0,0,2,19
215,22236.28125,2,42.66666666666666,0.0,0.0,0,0,6,22
216,31544.73828125,2,41.83333333333334,0.0,0.0,0,0,3,25
217,112542.4140625,5,44.83333333333334,0.0,0.0,0,0,0,32
218,20542.046875,5,48.0,0.0,0.0,0,0,2,24
219,14741.78515625,5,51.0,0.0,0.0,0,0,4,27
220,24598.73046875,5,44.5,0.0,0.0,0,0,3,17
221,27199.515625,5,47.33333333333333,0.0,0.0,0,0,1,14
222,31913.1484375,5,43.0,0.0,0.0,0,0,4,23
223,31069.3203125,2,41.66666666666666,0.0,0.0,0,0,7,30
224,128137.578125,5,43.16666666666667,0.0,0.0,0,0,1,16
225,11687.9111328125,1,51.66666666666666,0.0,0.0,0,0,0,19
227,15127.416015625,5,49.16666666666666,0.0,0.0,0,0,0,17
228,31204.4609375,5,47.5,0.0,0.0,0,0,4,25
229,9128.701171875,5,50.33333333333333,0.0,0.0,0,0,6,33
230,9032.5263671875,4,50.0,0.0,0.0,0,0,11,23
231,20434.658203125,5,49.66666666666667,0.0,0.0,0,0,4,36
232,382.7608032226562,0,48.83333333333334,0.0,0.0,0,0,9,17
233,50080.13671875,2,45.66666666666666,0.0,0.0,0,0,8,33
234,3776.26708984375,5,49.16666666666666,0.0,0.0,0,0,11,33
236,24299.14453125,5,48.16666666666666,0.0,0.0,0,0,6,23
237,21912.171875,2,44.66666666666666,0.0,0.0,0,0,4,22
238,19368.25,7,42.33333333333333,0.0,0.0,0,0,2,20
239,5384.14404296875,5,50.33333333333333,0.0,0.0,0,0,0,17
240,39946.5078125,5,43.66666666666667,0.0,0.0,0,0,1,20
241,11421.966796875,5,46.66666666666666,0.0,0.0,0,0,9,33
242,117767.59375,5,44.83333333333334,0.0,0.0,0,0,2,23
243,17773.498046875,2,38.66666666666666,0.04545454545454546,0.6363636363636364,1,0,3,25
244,26159.0390625,2,45.66666666666666,0.0,0.0,0,0,3,18
245,549.944580078125,1,50.5,0.03125,0.0,1,0,0,11
246,10085.44921875,7,41.83333333333334,0.0,0.0,0,0,8,39
247,12056.97265625,1,46.16666666666666,0.0,0.0,0,0,2,18
248,694.54443359375,2,49.66666666666666,0.0,0.0,0,0,0,18
250,23548.65625,2,42.16666666666666,0.06666666666666667,0.2666666666666667,1,0,0,21
251,127896.40625,5,43.16666666666667,0.0,0.0,0,0,0,15
252,7308.16552734375,1,54.5,0.0,0.0,0,0,2,14
253,9891.55859375,4,39.66666666666666,0.0,0.0,0,0,5,27
254,11445.4345703125,5,49.5,0.0,0.0,0,0,5,31
255,7144.7490234375,4,40.16666666666666,0.0,0.0,0,0,8,28
256,14041.54296875,2,54.16666666666666,0.0,0.0,0,0,2,26
257,30461.759765625,1,47.33333333333333,0.0,0.0,0,0,4,19
258,19560.47265625,5,51.66666666666666,0.0,0.0,0,0,5,16
259,4137.3427734375,1,51.83333333333334,0.0,0.0,0,0,5,32
260,46028.4453125,5,44.66666666666667,0.0,0.0,0,0,1,21
261,9359.5751953125,2,39.0,0.0,0.0,0,0,4,24
262,30413.65234375,1,46.16666666666667,0.0,0.0,0,0,8,21
263,10451.2578125,7,46.16666666666667,0.0,0.0,0,0,4,18
264,30143.06640625,5,44.66666666666667,0.0,0.0,0,0,0,11
265,25966.216796875,7,42.0,0.0,0.0,0,0,3,25
266,24891.86328125,5,47.5,0.0,0.0,0,0,10,30
267,22553.369140625,5,48.0,0.0,0.0,0,0,6,39
268,14424.990234375,4,44.16666666666666,0.0,0.0,0,0,13,24
269,12349.068359375,2,34.16666666666667,0.0,0.0,0,0,4,25
270,28871.82421875,2,44.5,0.0,0.0,0,0,4,21
271,15133.8125,2,44.16666666666666,0.0,0.0,0,0,0,20
272,21286.240234375,1,45.33333333333333,0.03125,0.0,1,0,0,19
273,20022.62890625,5,51.83333333333333,0.0,0.0,0,0,2,19
274,24607.41015625,5,48.16666666666666,0.0,0.0,0,0,2,37
275,15356.01171875,2,41.0,0.0,0.0,0,0,10,40
276,2873.490234375,2,37.83333333333334,0.0,0.0,0,0,0,20
277,12126.4853515625,2,37.16666666666666,0.06666666666666667,0.2666666666666667,1,0,7,23
278,59020.84765625,5,46.33333333333333,0.0,0.0,0,0,3,17
279,27105.9375,5,48.5,0.0,0.0,0,0,5,15
280,16937.384765625,2,43.33333333333334,0.0,0.0,0,0,0,26
281,11017.115234375,1,41.33333333333334,0.0,0.0,0,0,2,23
282,13382.693359375,4,46.16666666666666,0.0,0.0,0,0,10,32
283,14337.1513671875,1,48.16666666666667,0.0,0.0,0,0,3,15
284,26356.51953125,2,45.0,0.0,0.0,0,0,0,28
285,23103.068359375,5,51.5,0.0,0.0,0,0,7,24
286,12861.302734375,1,52.16666666666666,0.0,0.0,0,0,2,25
287,17732.890625,2,40.5,0.0,0.0,0,0,2,16
288,50121.98046875,1,50.66666666666666,0.0,0.0,0,0,1,21
289,18972.60546875,1,48.16666666666666,0.03125,0.0,1,0,8,25
290,37856.1796875,5,41.0,0.0,0.0,0,0,8,28
291,19569.72265625,7,43.83333333333334,0.0,0.0,0,0,4,37
292,8304.4345703125,1,50.0,0.0,0.0,0,0,0,17
293,12773.388671875,2,34.16666666666667,0.04545454545454546,0.6363636363636364,1,0,3,14
294,118571.46875,5,44.66666666666667,0.0,0.0,0,0,0,20
295,32663.65234375,2,42.16666666666666,0.0,0.0,0,0,0,23
296,27197.9296875,5,50.5,0.0,0.0,0,0,10,27
297,14863.455078125,5,45.66666666666667,0.0,0.0,0,0,4,18
298,27129.111328125,2,41.33333333333334,0.0,0.0,0,0,2,13
299,24961.98828125,5,40.16666666666667,0.0,0.0,0,0,2,28
300,12109.765625,5,50.33333333333334,0.0,0.0,0,0,0,17
301,24977.353515625,2,40.83333333333334,0.0,0.0,0,0,0,15
302,10377.88671875,2,45.16666666666666,0.0,0.0,0,0,5,24
303,7214.46484375,7,46.0,0.0,0.0,0,0,2,22
304,21345.40234375,7,43.83333333333334,0.0,0.0,0,0,11,30
306,15247.267578125,5,54.33333333333333,0.0,0.0,0,0,0,20
307,46772.3515625,5,47.16666666666666,0.0,0.0,0,0,1,24
308,28962.29296875,2,45.66666666666667,0.0,0.0,0,0,2,23
309,70624.390625,1,51.33333333333333,0.03125,0.0,1,0,3,12
310,14377.8876953125,5,55.0,0.0,0.0,0,0,3,24
311,10255.3955078125,1,51.66666666666667,0.03125,0.0,1,0,1,27
312,28242.82421875,5,46.66666666666667,0.0,0.0,0,0,1,23
313,38353.4609375,5,48.83333333333334,0.0,0.0,0,0,2,32
314,17957.52734375,2,44.66666666666666,0.0,0.0,0,0,3,16
315,30670.52734375,2,44.5,0.0,0.0,0,0,6,23
316,26210.064453125,5,48.5,0.0,0.0,0,0,0,30
317,32037.75390625,2,40.0,0.0,0.0,0,0,2,41
318,22072.439453125,2,45.66666666666667,0.04545454545454546,0.6363636363636364,1,0,13,33
319,41714.7109375,2,45.66666666666666,0.0,0.0,0,0,2,17
320,31823.970703125,5,48.83333333333333,0.0,0.0,0,0,0,21
321,38446.0859375,2,45.66666666666666,0.0,0.0,0,0,0,19
322,163992.9375,5,45.0,0.0,0.0,0,0,6,28
323,13278.8505859375,1,46.16666666666666,0.0,0.0,0,0,5,20
324,13174.15625,2,39.66666666666667,0.0,0.0,0,0,0,13
325,6508.4775390625,2,44.83333333333333,0.0,0.0,0,0,1,15
327,427.8706665039063,2,39.66666666666666,0.0,0.0,0,0,2,24
328,9117.06640625,2,39.66666666666666,0.0,0.0,0,0,13,28
329,38249.93359375,5,42.16666666666667,0.0,0.0,0,0,1,33
330,25716.203125,5,47.33333333333333,0.0,0.0,0,0,1,22
331,16045.1103515625,7,41.83333333333334,0.0,0.0,0,0,4,31
332,5493.630859375,4,44.83333333333333,0.0,0.0,0,0,10,24
333,105066.3828125,5,43.16666666666667,0.0,0.0,0,0,1,16
334,7110.2177734375,2,39.33333333333333,0.06666666666666667,0.2666666666666667,1,0,8,22
335,52705.84375,2,45.66666666666666,0.0,0.0,0,0,0,7
336,89671.890625,1,51.33333333333333,0.03125,0.0,1,0,0,23
337,19968.908203125,5,45.5,0.0,0.0,0,0,2,29
339,43066.734375,5,44.16666666666667,0.0,0.0,0,0,1,21
340,22362.826171875,2,38.33333333333333,0.04545454545454546,0.6363636363636364,1,0,7,17
341,9527.61328125,5,44.83333333333334,0.0,0.0,0,0,4,40
342,35612.59375,5,45.66666666666667,0.0,0.0,0,0,0,15
343,41567.37109375,2,44.33333333333334,0.0,0.0,0,0,0,13
344,19142.513671875,5,51.83333333333334,0.0,0.0,0,0,21,45
345,30597.359375,5,53.16666666666667,0.0,0.0,0,0,12,29
346,608.4088134765625,5,48.83333333333334,0.0,0.0,0,0,3,23
347,9946.681640625,1,50.16666666666667,0.0,0.0,0,0,3,24
348,22554.580078125,2,46.66666666666666,0.0,0.0,0,0,1,27
349,11266.259765625,4,39.83333333333333,0.0,0.0,0,0,0,20
350,14913.0849609375,7,42.33333333333333,0.0,0.0,0,0,2,30
351,653.9093017578125,5,52.66666666666667,0.0,0.0,0,0,2,22
352,80214.8984375,1,50.66666666666666,0.0,0.0,0,0,1,29
353,26709.732421875,5,47.5,0.0,0.0,0,0,5,32
354,112301.25,5,43.16666666666667,0.0,0.0,0,0,1,18
355,33342.9765625,5,41.0,0.0,0.0,0,0,13,47
356,50023.75,5,52.66666666666667,0.0,0.0,0,0,6,18
357,393.7105712890625,2,42.16666666666666,0.06666666666666667,0.2666666666666667,1,0,5,20
358,25836.38671875,7,38.16666666666667,0.0,0.0,0,0,0,16
359,10890.796875,2,53.5,0.0,0.0,0,0,0,28
360,11703.7880859375,1,50.16666666666667,0.03125,0.0,1,0,3,34
361,16057.169921875,7,41.16666666666667,0.0,0.0,0,0,0,26
362,14559.814453125,1,44.83333333333334,0.0,0.0,0,0,0,19
363,17940.203125,2,48.0,0.0,0.0,0,0,4,23
364,51222.23828125,5,45.0,0.0,0.0,0,0,0,29
365,12270.4765625,1,52.66666666666666,0.0,0.0,0,0,8,39
366,24061.91015625,5,45.66666666666667,0.0,0.0,0,0,5,37
367,15327.453125,2,41.0,0.0,0.0,0,0,0,32
368,285.629150390625,7,44.33333333333334,0.0,0.0,0,0,0,17
369,16469.8203125,2,45.66666666666666,0.0,0.0,0,0,3,24
370,8356.8984375,2,40.33333333333334,0.0,0.0,0,0,9,23
371,9583.2353515625,2,40.0,0.06666666666666667,0.2666666666666667,1,0,8,28
372,17982.357421875,5,48.33333333333333,0.0,0.0,0,0,8,27
373,9878.6953125,2,40.5,0.04545454545454546,0.6363636363636364,1,0,1,16
374,27012.484375,5,51.5,0.0,0.0,0,0,4,31
375,15533.197265625,1,46.33333333333333,0.0,0.0,0,0,7,45
376,14526.7099609375,1,43.83333333333334,0.0,0.0,0,0,0,22
377,8109.49560546875,4,45.33333333333334,0.0,0.0,0,0,3,15
378,13331.705078125,5,47.33333333333333,0.0,0.0,0,0,2,11
379,9704.6953125,2,41.5,0.06666666666666667,0.2666666666666667,1,0,9,24
380,96094.96875,5,43.16666666666667,0.0,0.0,0,0,4,21
381,30877.173828125,2,43.16666666666666,0.0,0.0,0,0,5,22
382,10088.44921875,7,38.16666666666666,0.0,0.0,0,0,3,19
383,13405.857421875,2,55.66666666666666,0.0,0.0,0,0,0,26
384,118571.46875,5,44.66666666666667,0.0,0.0,0,0,0,9
385,11250.447265625,1,50.0,0.0,0.0,0,0,6,30
386,119294.9609375,5,43.16666666666667,0.0,0.0,0,0,0,7
387,16852.640625,1,47.5,0.03125,0.0,1,0,2,24
388,7806.5595703125,4,42.0,0.0,0.0,0,0,2,19
389,18342.28125,1,51.83333333333334,0.03125,0.0,1,0,0,17
390,5260.9619140625,1,55.5,0.0,0.0,0,0,0,25
391,62763.203125,1,50.66666666666666,0.0,0.0,0,0,4,28
392,30596.46875,5,43.66666666666666,0.0,0.0,0,0,1,41
393,41066.67578125,5,43.66666666666667,0.0,0.0,0,0,8,27
394,20359.25,5,42.66666666666667,0.0,0.0,0,0,6,23
396,24451.560546875,5,44.5,0.0,0.0,0,0,0,8
397,45317.7890625,5,41.83333333333334,0.0,0.0,0,0,5,19
398,7610.5966796875,4,42.0,0.0,0.0,0,0,1,16
399,11550.2783203125,1,45.5,0.0,0.0,0,0,2,32
401,23809.701171875,2,45.33333333333333,0.0,0.0,0,0,8,34
402,16461.1171875,1,47.5,0.03125,0.0,1,0,0,31
403,13788.181640625,1,46.83333333333333,0.0,0.0,0,0,5,29
404,112584.15625,2,46.0,0.0,0.0,0,0,3,16
405,21618.248046875,1,44.16666666666667,0.0,0.0,0,0,2,20
406,324.6013793945312,2,41.0,0.0,0.0,0,0,10,17
407,8103.419921875,2,40.83333333333333,0.0,0.0,0,0,0,31
408,26718.73046875,5,49.0,0.0,0.0,0,0,1,16
409,16023.5546875,2,38.16666666666666,0.04545454545454546,0.6363636363636364,1,0,3,24
410,3382.121337890625,5,51.66666666666666,0.0,0.0,0,0,8,20
411,13727.2978515625,1,47.5,0.0,0.0,0,0,4,21
412,20212.166015625,2,44.16666666666666,0.0,0.0,0,0,2,17
413,11602.09375,1,46.0,0.0,0.0,0,0,11,42
414,35699.171875,5,54.5,0.0,0.0,0,0,5,29
415,25046.677734375,7,43.5,0.0,0.0,0,0,4,20
416,30857.66015625,5,44.33333333333334,0.0,0.0,0,0,4,26
417,24195.76953125,2,48.66666666666666,0.04545454545454546,0.6363636363636364,1,0,4,31
419,31180.361328125,5,49.0,0.0,0.0,0,0,0,19
420,16408.3359375,5,55.0,0.0,0.0,0,0,0,15
421,680.29248046875,5,48.0,0.0,0.0,0,0,6,27
422,13262.19140625,1,51.66666666666666,0.0,0.0,0,0,1,16
423,86213.71875,5,48.83333333333334,0.0,0.0,0,0,2,18
424,25831.220703125,2,44.33333333333334,0.0,0.0,0,0,0,30
425,8583.103515625,5,50.66666666666666,0.0,0.0,0,0,8,30
426,45525.16015625,5,48.33333333333334,0.0,0.0,0,0,4,17
427,6322.8232421875,5,53.33333333333334,0.0,0.0,0,0,9,33
428,15621.1357421875,5,46.16666666666667,0.0,0.0,0,0,0,18
429,17553.87890625,1,51.16666666666666,0.0,0.0,0,0,0,24
430,48205.25,1,50.66666666666666,0.0,0.0,0,0,2,22
431,12672.267578125,1,47.16666666666667,0.0,0.0,0,0,0,19
432,88601.1875,1,51.33333333333333,0.03125,0.0,1,0,8,24
433,61408.91015625,1,51.33333333333333,0.03125,0.0,1,0,0,15
434,17939.05078125,5,49.83333333333334,0.0,0.0,0,0,0,25
435,43283.88671875,5,47.0,0.0,0.0,0,0,7,24
436,10024.17578125,1,49.83333333333333,0.0,0.0,0,0,4,31
437,15001.080078125,2,40.33333333333333,0.0,0.0,0,0,8,23
438,21721.90625,2,42.5,0.0,0.0,0,0,10,17
440,12851.38671875,2,51.83333333333334,0.0,0.0,0,0,0,21
441,29370.068359375,2,40.66666666666666,0.0,0.0,0,0,4,28
442,14644.576171875,5,48.66666666666667,0.0,0.0,0,0,10,28
443,19468.138671875,2,41.16666666666666,0.0,0.0,0,0,2,17
444,15634.92578125,2,38.66666666666667,0.06666666666666667,0.2666666666666667,1,0,6,17
445,70983.078125,1,51.33333333333333,0.03125,0.0,1,0,0,21
446,15165.0625,2,47.0,0.0,0.0,0,0,9,37
447,362.6582641601562,2,41.33333333333334,0.0,0.0,0,0,5,16
448,20154.7890625,2,40.16666666666667,0.0,0.0,0,0,6,27
449,36647.953125,1,46.5,0.0,0.0,0,0,2,20
450,6273.00390625,1,46.83333333333334,0.0,0.0,0,0,4,23
451,64912.3671875,1,50.66666666666666,0.0,0.0,0,0,1,34
452,363.1514282226562,1,52.0,0.0,0.0,0,0,0,15
453,10100.7275390625,7,40.33333333333334,0.0,0.0,0,0,2,16
454,23019.994140625,7,45.5,0.0,0.0,0,0,2,21
456,9101.037109375,7,52.83333333333334,0.0,0.0,0,0,6,17
457,5889.8740234375,4,45.0,0.0,0.0,0,0,6,26
458,8426.775390625,5,49.33333333333334,0.0,0.0,0,0,7,31
459,14129.89453125,1,41.66666666666667,0.0,0.0,0,0,2,24
460,12183.9580078125,7,39.5,0.0,0.0,0,0,4,19
461,108079.8125,5,44.83333333333334,0.0,0.0,0,0,1,14
462,14709.2626953125,1,44.83333333333334,0.0,0.0,0,0,2,23
463,353.4700012207031,1,39.16666666666667,0.0,0.0,0,0,0,17
464,38052.91796875,2,40.33333333333334,0.04545454545454546,0.6363636363636364,1,0,1,20
465,8164.13330078125,7,38.5,0.0,0.0,0,0,0,18
466,53217.0234375,5,51.16666666666666,0.0,0.0,0,0,7,26
467,14459.9765625,5,44.16666666666667,0.0,0.0,0,0,11,29
468,24590.1953125,1,40.66666666666666,0.0,0.0,0,0,4,26
469,138944.96875,5,43.16666666666667,0.0,0.0,0,0,0,20
470,30718.6796875,2,40.33333333333334,0.0,0.0,0,0,7,29
471,78540.390625,1,51.33333333333333,0.03125,0.0,1,0,2,18
472,17005.640625,7,43.33333333333333,0.0,0.0,0,0,6,25
473,35595.2265625,2,40.5,0.04545454545454546,0.6363636363636364,1,0,0,21
474,10792.5078125,1,50.66666666666667,0.0,0.0,0,0,0,16
475,16600.05078125,1,45.5,0.0,0.0,0,0,2,30
476,20726.931640625,2,40.33333333333333,0.0,0.0,0,0,0,30
477,26399.22265625,5,52.66666666666667,0.0,0.0,0,0,3,32
478,1977.826049804688,1,50.33333333333334,0.0,0.0,0,0,0,32
479,38776.7109375,2,40.5,0.04545454545454546,0.6363636363636364,1,0,0,13
480,19039.193359375,7,38.16666666666667,0.0,0.0,0,0,4,19
481,373466.8125,5,45.83333333333333,0.0,0.0,0,0,0,30
482,18694.14453125,2,45.0,0.0,0.0,0,0,1,19
483,32266.5078125,2,47.0,0.04545454545454546,0.6363636363636364,1,0,2,13
484,41970.5078125,2,41.66666666666667,0.0,0.0,0,0,7,19
485,28503.216796875,5,53.5,0.0,0.0,0,0,6,30
486,16371.59375,1,47.83333333333334,0.0,0.0,0,0,6,21
487,14400.283203125,1,53.33333333333333,0.03125,0.0,1,0,2,30
488,4626.76318359375,5,50.33333333333333,0.0,0.0,0,0,4,21
489,35520.6171875,5,50.33333333333334,0.0,0.0,0,0,2,16
490,6301.88134765625,4,40.66666666666666,0.0,0.0,0,0,1,19
491,18211.6484375,5,45.16666666666667,0.0,0.0,0,0,5,25
492,9157.306640625,4,44.0,0.0,0.0,0,0,2,24
493,36117.8359375,5,51.33333333333333,0.0,0.0,0,0,0,9
494,9983.15625,4,41.5,0.0,0.0,0,0,4,17
495,646.5120849609375,1,51.33333333333333,0.03125,0.0,1,0,2,20
496,7192.708984375,2,39.66666666666666,0.0,0.0,0,0,7,18
497,83824.375,1,51.33333333333333,0.03125,0.0,1,0,3,22
498,19607.138671875,5,49.0,0.0,0.0,0,0,4,22
499,12672.24609375,5,43.16666666666667,0.0,0.0,0,0,10,36
500,19786.82421875,2,40.0,0.04545454545454546,0.6363636363636364,1,0,6,21
501,33261.02734375,5,46.33333333333334,0.0,0.0,0,0,6,25
502,114712.8671875,5,43.16666666666667,0.0,0.0,0,0,0,7
503,90404.0625,1,51.33333333333333,0.03125,0.0,1,0,0,16
504,21410.5546875,2,40.66666666666666,0.04545454545454546,0.6363636363636364,1,0,6,22
506,118249.921875,5,43.16666666666667,0.0,0.0,0,0,1,14
507,10635.125,5,49.83333333333333,0.0,0.0,0,0,6,39
508,9019.3955078125,1,50.66666666666667,0.0,0.0,0,0,2,11
509,52377.515625,1,51.16666666666666,0.03125,0.0,1,0,5,24
510,12787.15234375,5,50.33333333333334,0.0,0.0,0,0,3,20
511,49773.8984375,5,53.5,0.0,0.0,0,0,2,27
512,10203.6650390625,4,41.83333333333334,0.0,0.0,0,0,2,28
513,25918.740234375,2,41.0,0.0,0.0,0,0,0,13
514,57062.55859375,2,45.66666666666666,0.0,0.0,0,0,0,10
515,15013.607421875,2,52.16666666666667,0.0,0.0,0,0,8,23
516,18382.46875,5,45.5,0.0,0.0,0,0,7,23
517,85176.859375,1,51.33333333333333,0.03125,0.0,1,0,0,26
518,8824.7900390625,5,47.83333333333333,0.0,0.0,0,0,12,32
519,25826.3359375,2,48.66666666666666,0.0,0.0,0,0,4,29
520,28305.673828125,5,50.5,0.0,0.0,0,0,1,31
521,7503.4091796875,1,51.33333333333333,0.0,0.0,0,0,7,32
522,20972.37109375,5,48.16666666666666,0.0,0.0,0,0,8,36
523,33514.04296875,2,42.0,0.0,0.0,0,0,2,41
524,614.465576171875,2,39.0,0.0,0.0,0,0,0,21
525,119938.0625,5,43.16666666666667,0.0,0.0,0,0,0,14
526,14760.576171875,2,39.16666666666666,0.0,0.0,0,0,2,25
527,77710.296875,5,45.83333333333333,0.0,0.0,0,0,4,22
528,99780.90625,5,44.66666666666667,0.0,0.0,0,0,0,11
529,18537.244140625,2,41.83333333333333,0.04545454545454546,0.6363636363636364,1,0,0,25
530,31127.392578125,2,40.16666666666666,0.0,0.0,0,0,1,19
531,36374.4453125,5,44.5,0.0,0.0,0,0,3,24
532,2554.25146484375,1,50.33333333333334,0.0,0.0,0,0,2,21
533,7677.1708984375,1,49.83333333333334,0.0,0.0,0,0,2,21
534,11687.8701171875,2,40.5,0.04545454545454546,0.6363636363636364,1,0,0,18
536,112542.40625,5,44.83333333333334,0.0,0.0,0,0,0,20
538,15127.4169921875,5,49.16666666666666,0.0,0.0,0,0,2,26
539,19450.4296875,5,44.16666666666667,0.0,0.0,0,0,1,30
541,14004.4580078125,2,39.16666666666666,0.04545454545454546,0.6363636363636364,1,0,10,42
542,10665.576171875,2,40.33333333333334,0.04545454545454546,0.6363636363636364,1,0,0,20
543,848.63525390625,2,50.33333333333334,0.0,0.0,0,0,0,11
544,13547.6259765625,1,45.83333333333334,0.0,0.0,0,0,0,22
545,24662.865234375,5,54.33333333333333,0.0,0.0,0,0,0,23
546,26628.484375,5,47.33333333333333,0.0,0.0,0,0,2,23
548,34485.19921875,2,40.83333333333334,0.0,0.0,0,0,2,25
549,8819.263671875,4,40.0,0.0,0.0,0,0,2,12
550,38496.265625,5,46.83333333333333,0.0,0.0,0,0,0,11
551,15692.853515625,7,43.5,0.0,0.0,0,0,7,30
552,20499.25390625,5,45.5,0.0,0.0,0,0,6,32
553,13528.98828125,2,40.5,0.0,0.0,0,0,2,14
554,435.3733825683594,4,40.66666666666666,0.0,0.0,0,0,4,13
555,36197.03515625,2,39.0,0.0,0.0,0,0,0,20
557,14153.6064453125,2,45.16666666666666,0.0,0.0,0,0,0,21
558,53071.83203125,5,52.5,0.0,0.0,0,0,2,19
559,13217.59765625,2,40.0,0.06666666666666667,0.2666666666666667,1,0,2,26
560,19881.2109375,5,43.5,0.0,0.0,0,0,0,15
561,47199.953125,5,43.33333333333334,0.0,0.0,0,0,3,22
562,19000.1953125,1,49.0,0.0,0.0,0,0,6,33
563,35873.15234375,5,51.66666666666667,0.0,0.0,0,0,0,16
564,48746.97265625,5,50.0,0.0,0.0,0,0,0,27
565,21688.671875,7,38.16666666666667,0.0,0.0,0,0,0,16
566,94571.9921875,5,43.16666666666667,0.0,0.0,0,0,1,16
567,53459.2734375,1,50.66666666666666,0.0,0.0,0,0,0,18
568,15229.8203125,5,54.33333333333333,0.0,0.0,0,0,1,21
569,18126.67578125,5,49.0,0.0,0.0,0,0,2,25
570,14700.208984375,1,48.0,0.03125,0.0,1,0,6,32
571,13787.935546875,1,43.83333333333333,0.0,0.0,0,0,8,25
572,72304.890625,1,50.66666666666666,0.0,0.0,0,0,2,10
573,9023.748046875,2,54.16666666666666,0.0,0.0,0,0,0,27
